pdf_id,file_name,state,district,year,format_id,source_page_start,source_page_end,table_id,anchor_page,continuation_page,anchor_printed_page,continuation_printed_page
agra_civic_1971,agra_civic_1971.pdf,Uttar Pradesh,Agra,1971,format_001,28,29,agra_civic_001,1,2,10,11
agra_mededu_1971,agra_mededu_1971.pdf,Uttar Pradesh,Agra,1971,format_002,30,31,agra_mededu_001,1,2,12,13
agra_tehsil_1971,agra_tehsil_1971.pdf,Uttar Pradesh,Agra,1971,format_003,170,171,agra_tehsil_001,1,2,152,153
aligarh_civic_1971,aligarh_civic_1971.pdf,Uttar Pradesh,Aligarh,1971,format_001,24,25,aligarh_civic_001,1,2,6,7
aligarh_mededu_1971,aligarh_mededu_1971.pdf,Uttar Pradesh,Aligarh,1971,format_002,26,27,aligarh_mededu_001,1,2,8,9
aligarh_tehsil_1971,aligarh_tehsil_1971.pdf,Uttar Pradesh,Aligarh,1971,format_003,214,215,aligarh_tehsil_001,1,2,196,197
allahabad_civic_1971,allahabad_civic_1971.pdf,Uttar Pradesh,Allahabad,1971,format_001,25,26,allahabad_civic_001,1,2,6,7
allahabad_mededu_1971,allahabad_mededu_1971.pdf,Uttar Pradesh,Allahabad,1971,format_002,27,28,allahabad_mededu_001,1,2,8,9
allahabad_tehsil_1971,allahabad_tehsil_1971.pdf,Uttar Pradesh,Allahabad,1971,format_003,413,414,allahabad_tehsil_001,1,2,394,395
almora_civic_1971,almora_civic_1971.pdf,Uttar Pradesh,Almora,1971,format_001,21,22,almora_civic_001,1,2,6,7
almora_mededu_1971,almora_mededu_1971.pdf,Uttar Pradesh,Almora,1971,format_002,21,22,almora_mededu_001,1,2,6,7
almora_tehsil_1971,almora_tehsil_1971.pdf,Uttar Pradesh,Almora,1971,format_003,329,330,almora_tehsil_001,1,2,318,319
azamgarh_civic_1971,azamgarh_civic_1971.pdf,Uttar Pradesh,Azamgarh,1971,format_001,23,24,azamgarh_civic_001,1,2,6,7
azamgarh_mededu_1971,azamgarh_mededu_1971.pdf,Uttar Pradesh,Azamgarh,1971,format_002,25,26,azamgarh_mededu_001,1,2,8,9
azamgarh_tehsil_1971,azamgarh_tehsil_1971.pdf,Uttar Pradesh,Azamgarh,1971,format_003,549,550,azamgarh_tehsil_001,1,2,532,533
bahraich_civic_1971,bahraich_civic_1971.pdf,Uttar Pradesh,Bahraich,1971,format_001,25,26,bahraich_civic_001,1,2,6,7
bahraich_mededu_1971,bahraich_mededu_1971.pdf,Uttar Pradesh,Bahraich,1971,format_002,25,26,bahraich_mededu_001,1,2,6,7
bahraich_tehsil_1971,bahraich_tehsil_1971.pdf,Uttar Pradesh,Bahraich,1971,format_003,209,210,bahraich_tehsil_001,1,2,190,191
baliya_civic_1971,baliya_civic_1971.pdf,Uttar Pradesh,Baliya,1971,format_001,27,28,baliya_civic_001,1,2,6,7
baliya_mededu_1971,baliya_mededu_1971.pdf,Uttar Pradesh,Baliya,1971,format_002,27,28,baliya_mededu_001,1,2,6,7
baliya_tehsil_1971,baliya_tehsil_1971.pdf,Uttar Pradesh,Baliya,1971,format_003,271,272,baliya_tehsil_001,1,2,250,251
banda_civic_1971,banda_civic_1971.pdf,Uttar Pradesh,Banda,1971,format_001,22,23,banda_civic_001,1,2,6,7
banda_mededu_1971,banda_mededu_1971.pdf,Uttar Pradesh,Banda,1971,format_002,22,23,banda_mededu_001,1,2,6,7
banda_tehsil_1971,banda_tehsil_1971.pdf,Uttar Pradesh,Banda,1971,format_003,160,161,banda_tehsil_001,1,2,144,145
bara_banki_civic_1971,bara_banki_civic_1971.pdf,Uttar Pradesh,Bara Banki,1971,format_001,24,25,bara_banki_civic_001,1,2,6,7
bara_banki_mededu_1971,bara_banki_mededu_1971.pdf,Uttar Pradesh,Bara Banki,1971,format_002,26,27,bara_banki_mededu_001,1,2,8,9
bara_banki_tehsil_1971,bara_banki_tehsil_1971.pdf,Uttar Pradesh,Bara Banki,1971,format_003,228,229,bara_banki_tehsil_001,1,2,210,211
bareilly_civic_1971,bareilly_civic_1971.pdf,Uttar Pradesh,Bareilly,1971,format_001,24,25,bareilly_civic_001,1,2,6,7
bareilly_mededu_1971,bareilly_mededu_1971.pdf,Uttar Pradesh,Bareilly,1971,format_002,26,27,bareilly_mededu_001,1,2,8,9
bareilly_tehsil_1971,bareilly_tehsil_1971.pdf,Uttar Pradesh,Bareilly,1971,format_003,236,237,bareilly_tehsil_001,1,2,222,225
basti_civic_1971,basti_civic_1971.pdf,Uttar Pradesh,Basti,1971,format_001,26,27,basti_civic_001,1,2,6,7
basti_mededu_1971,basti_mededu_1971.pdf,Uttar Pradesh,Basti,1971,format_002,28,29,basti_mededu_001,1,2,8,9
basti_tehsil_1971,basti_tehsil_1971.pdf,Uttar Pradesh,Basti,1971,format_003,726,727,basti_tehsil_001,1,2,706,707
bijnor_civic_1971,bijnor_civic_1971.pdf,Uttar Pradesh,Bijnor,1971,format_001,33,34,bijnor_civic_001,1,2,10,11
bijnor_mededu_1971,bijnor_mededu_1971.pdf,Uttar Pradesh,Bijnor,1971,format_002,35,36,bijnor_mededu_001,1,2,12,13
bijnor_tehsil_1971,bijnor_tehsil_1971.pdf,Uttar Pradesh,Bijnor,1971,format_003,325,326,bijnor_tehsil_001,1,2,224,305
budaun_civic_1971,budaun_civic_1971.pdf,Uttar Pradesh,Budaun,1971,format_001,24,25,budaun_civic_001,1,2,6,7
budaun_mededu_1971,budaun_mededu_1971.pdf,Uttar Pradesh,Budaun,1971,format_002,26,27,budaun_mededu_001,1,2,8,9
budaun_tehsil_1971,budaun_tehsil_1971.pdf,Uttar Pradesh,Budaun,1971,format_003,236,237,budaun_tehsil_001,1,2,218,219
bulandshahr_civic_1971,bulandshahr_civic_1971.pdf,Uttar Pradesh,Bulandshahr,1971,format_001,23,24,bulandshahr_civic_001,1,2,6,7
bulandshahr_mededu_1971,bulandshahr_mededu_1971.pdf,Uttar Pradesh,Bulandshahr,1971,format_002,25,26,bulandshahr_mededu_001,1,2,8,9
bulandshahr_tehsil_1971,bulandshahr_tehsil_1971.pdf,Uttar Pradesh,Bulandshahr,1971,format_003,177,178,bulandshahr_tehsil_001,1,2,160,161
chamoli_civic_1971,chamoli_civic_1971.pdf,Uttar Pradesh,Chamoli,1971,format_001,24,25,chamoli_civic_001,1,2,6,7
chamoli_mededu_1971,chamoli_mededu_1971.pdf,Uttar Pradesh,Chamoli,1971,format_002,24,25,chamoli_mededu_001,1,2,6,7
chamoli_tehsil_1971,chamoli_tehsil_1971.pdf,Uttar Pradesh,Chamoli,1971,format_003,168,169,chamoli_tehsil_001,1,2,154,155
dehra_dun_civic_1971,dehra_dun_civic_1971.pdf,Uttar Pradesh,Dehra Dun,1971,format_001,31,32,dehra_dun_civic_001,1,2,10,11
dehra_dun_mededu_1971,dehra_dun_mededu_1971.pdf,Uttar Pradesh,Dehra Dun,1971,format_002,33,34,dehra_dun_mededu_001,1,2,12,13
dehra_dun_tehsil_1971,dehra_dun_tehsil_1971.pdf,Uttar Pradesh,Dehra Dun,1971,format_003,117,118,dehra_dun_tehsil_001,1,2,96,97
deoria_civic_1971,deoria_civic_1971.pdf,Uttar Pradesh,Deoria,1971,format_001,25,26,deoria_civic_001,1,2,6,7
deoria_mededu_1971,deoria_mededu_1971.pdf,Uttar Pradesh,Deoria,1971,format_002,25,26,deoria_mededu_001,1,2,6,7
deoria_tehsil_1971,deoria_tehsil_1971.pdf,Uttar Pradesh,Deoria,1971,format_003,381,382,deoria_tehsil_001,1,2,364,365
etah_civic_1971,etah_civic_1971.pdf,Uttar Pradesh,Etah,1971,format_001,25,26,etah_civic_001,1,2,6,7
etah_mededu_1971,etah_mededu_1971.pdf,Uttar Pradesh,Etah,1971,format_002,27,28,etah_mededu_001,1,2,8,9
etah_tehsil_1971,etah_tehsil_1971.pdf,Uttar Pradesh,Etah,1971,format_003,189,190,etah_tehsil_001,1,2,170,171
etawah_civic_1971,etawah_civic_1971.pdf,Uttar Pradesh,Etawah,1971,format_001,24,25,etawah_civic_001,1,2,6,7
etawah_mededu_1971,etawah_mededu_1971.pdf,Uttar Pradesh,Etawah,1971,format_002,24,25,etawah_mededu_001,1,2,6,7
etawah_tehsil_1971,etawah_tehsil_1971.pdf,Uttar Pradesh,Etawah,1971,format_003,180,181,etawah_tehsil_001,1,2,162,163
faizabad_civic_1971,faizabad_civic_1971.pdf,Uttar Pradesh,Faizabad,1971,format_001,26,27,faizabad_civic_001,1,2,6,7
faizabad_mededu_1971,faizabad_mededu_1971.pdf,Uttar Pradesh,Faizabad,1971,format_002,28,29,faizabad_mededu_001,1,2,8,9
faizabad_tehsil_1971,faizabad_tehsil_1971.pdf,Uttar Pradesh,Faizabad,1971,format_003,296,297,faizabad_tehsil_001,1,2,276,277
farrukhabad_civic_1971,farrukhabad_civic_1971.pdf,Uttar Pradesh,Farrukhabad,1971,format_001,18,19,farrukhabad_civic_001,1,2,6,7
farrukhabad_mededu_1971,farrukhabad_mededu_1971.pdf,Uttar Pradesh,Farrukhabad,1971,format_002,20,21,farrukhabad_mededu_001,1,2,8,9
farrukhabad_tehsil_1971,farrukhabad_tehsil_1971.pdf,Uttar Pradesh,Farrukhabad,1971,format_003,190,191,farrukhabad_tehsil_001,1,2,180,181
fatehpur_civic_1971,fatehpur_civic_1971.pdf,Uttar Pradesh,Fatehpur,1971,format_001,28,29,fatehpur_civic_001,1,2,6,7
fatehpur_mededu_1971,fatehpur_mededu_1971.pdf,Uttar Pradesh,Fatehpur,1971,format_002,28,29,fatehpur_mededu_001,1,2,6,7
fatehpur_tehsil_1971,fatehpur_tehsil_1971.pdf,Uttar Pradesh,Fatehpur,1971,format_003,178,179,fatehpur_tehsil_001,1,2,156,157
garhwal_civic_1971,garhwal_civic_1971.pdf,Uttar Pradesh,Garhwal,1971,format_001,25,26,garhwal_civic_001,1,2,6,7
garhwal_mededu_1971,garhwal_mededu_1971.pdf,Uttar Pradesh,Garhwal,1971,format_002,27,28,garhwal_mededu_001,1,2,8,9
garhwal_tehsil_1971,garhwal_tehsil_1971.pdf,Uttar Pradesh,Garhwal,1971,format_003,355,356,garhwal_tehsil_001,1,2,336,337
gonda_civic_1971,gonda_civic_1971.pdf,Uttar Pradesh,Gonda,1971,format_001,23,24,gonda_civic_001,1,2,6,7
gonda_mededu_1971,gonda_mededu_1971.pdf,Uttar Pradesh,Gonda,1971,format_002,23,24,gonda_mededu_001,1,2,6,7
gonda_tehsil_1971,gonda_tehsil_1971.pdf,Uttar Pradesh,Gonda,1971,format_003,293,294,gonda_tehsil_001,1,2,276,277
gorakhpur_civic_1971,gorakhpur_civic_1971.pdf,Uttar Pradesh,Gorakhpur,1971,format_001,28,29,gorakhpur_civic_001,1,2,6,7
gorakhpur_mededu_1971,gorakhpur_mededu_1971.pdf,Uttar Pradesh,Gorakhpur,1971,format_002,28,29,gorakhpur_mededu_001,1,2,6,7
gorakhpur_tehsil_1971,gorakhpur_tehsil_1971.pdf,Uttar Pradesh,Gorakhpur,1971,format_003,456,457,gorakhpur_tehsil_001,1,2,434,435
hamirpur_civic_1971,hamirpur_civic_1971.pdf,Uttar Pradesh,Hamirpur,1971,format_001,26,27,hamirpur_civic_001,1,2,6,7
hamirpur_mededu_1971,hamirpur_mededu_1971.pdf,Uttar Pradesh,Hamirpur,1971,format_002,26,27,hamirpur_mededu_001,1,2,6,7
hamirpur_tehsil_1971,hamirpur_tehsil_1971.pdf,Uttar Pradesh,Hamirpur,1971,format_003,154,155,hamirpur_tehsil_001,1,2,134,135
hardoi_civic_1971,hardoi_civic_1971.pdf,Uttar Pradesh,Hardoi,1971,format_001,30,31,hardoi_civic_001,1,2,6,7
hardoi_mededu_1971,hardoi_mededu_1971.pdf,Uttar Pradesh,Hardoi,1971,format_002,32,33,hardoi_mededu_001,1,2,8,9
hardoi_tehsil_1971,hardoi_tehsil_1971.pdf,Uttar Pradesh,Hardoi,1971,format_003,228,229,hardoi_tehsil_001,1,2,204,205
jalaun_civic_1971,jalaun_civic_1971.pdf,Uttar Pradesh,Jalaun,1971,format_001,25,26,jalaun_civic_001,1,2,6,7
jalaun_mededu_1971,jalaun_mededu_1971.pdf,Uttar Pradesh,Jalaun,1971,format_002,27,28,jalaun_mededu_001,1,2,8,9
jalaun_tehsil_1971,jalaun_tehsil_1971.pdf,Uttar Pradesh,Jalaun,1971,format_003,149,150,jalaun_tehsil_001,1,2,130,131
jaunpur_civic_1971,jaunpur_civic_1971.pdf,Uttar Pradesh,Jaunpur,1971,format_001,27,28,jaunpur_civic_001,1,2,6,7
jaunpur_mededu_1971,jaunpur_mededu_1971.pdf,Uttar Pradesh,Jaunpur,1971,format_002,29,30,jaunpur_mededu_001,1,2,8,9
jaunpur_tehsil_1971,jaunpur_tehsil_1971.pdf,Uttar Pradesh,Jaunpur,1971,format_003,354,355,jaunpur_tehsil_001,1,2,334,335
jhansi_civic_1971,jhansi_civic_1971.pdf,Uttar Pradesh,Jhansi,1971,format_001,35,36,jhansi_civic_001,1,2,10,11
jhansi_mededu_1971,jhansi_mededu_1971.pdf,Uttar Pradesh,Jhansi,1971,format_002,37,38,jhansi_mededu_001,1,2,12,13
jhansi_tehsil_1971,jhansi_tehsil_1971.pdf,Uttar Pradesh,Jhansi,1971,format_003,209,210,jhansi_tehsil_001,1,2,184,185
kanpur_civic_1971,kanpur_civic_1971.pdf,Uttar Pradesh,Kanpur,1971,format_001,31,32,kanpur_civic_001,1,2,10,11
kanpur_mededu_1971,kanpur_mededu_1971.pdf,Uttar Pradesh,Kanpur,1971,format_002,33,34,kanpur_mededu_001,1,2,12,13
kanpur_tehsil_1971,kanpur_tehsil_1971.pdf,Uttar Pradesh,Kanpur,1971,format_003,243,244,kanpur_tehsil_001,1,2,222,223
kheri_civic_1971,kheri_civic_1971.pdf,Uttar Pradesh,Kheri,1971,format_001,27,28,kheri_civic_001,1,2,6,7
kheri_mededu_1971,kheri_mededu_1971.pdf,Uttar Pradesh,Kheri,1971,format_002,27,28,kheri_mededu_001,1,2,6,7
kheri_tehsil_1971,kheri_tehsil_1971.pdf,Uttar Pradesh,Kheri,1971,format_003,197,198,kheri_tehsil_001,1,2,176,177
lucknow_civic_1971,lucknow_civic_1971.pdf,Uttar Pradesh,Lucknow,1971,format_001,24,25,lucknow_civic_001,1,2,6,7
lucknow_mededu_1971,lucknow_mededu_1971.pdf,Uttar Pradesh,Lucknow,1971,format_002,26,27,lucknow_mededu_001,1,2,8,9
lucknow_tehsil_1971,lucknow_tehsil_1971.pdf,Uttar Pradesh,Lucknow,1971,format_003,124,125,lucknow_tehsil_001,1,2,106,107
mainpuri_civic_1971,mainpuri_civic_1971.pdf,Uttar Pradesh,Mainpuri,1971,format_001,21,22,mainpuri_civic_001,1,2,6,7
mainpuri_mededu_1971,mainpuri_mededu_1971.pdf,Uttar Pradesh,Mainpuri,1971,format_002,23,24,mainpuri_mededu_001,1,2,8,9
mainpuri_tehsil_1971,mainpuri_tehsil_1971.pdf,Uttar Pradesh,Mainpuri,1971,format_003,175,176,mainpuri_tehsil_001,1,2,160,161
mathura_civic_1971,mathura_civic_1971.pdf,Uttar Pradesh,Mathura,1971,format_001,25,26,mathura_civic_001,1,2,6,7
mathura_mededu_1971,mathura_mededu_1971.pdf,Uttar Pradesh,Mathura,1971,format_002,27,28,mathura_mededu_001,1,2,8,9
mathura_tehsil_1971,mathura_tehsil_1971.pdf,Uttar Pradesh,Mathura,1971,format_003,133,134,mathura_tehsil_001,1,2,114,115
meerut_civic_1971,meerut_civic_1971.pdf,Uttar Pradesh,Meerut,1971,format_001,30,31,meerut_civic_001,1,2,10,11
meerut_mededu_1971,meerut_mededu_1971.pdf,Uttar Pradesh,Meerut,1971,format_002,32,33,meerut_mededu_001,1,2,12,13
meerut_tehsil_1971,meerut_tehsil_1971.pdf,Uttar Pradesh,Meerut,1971,format_003,214,215,meerut_tehsil_001,1,2,194,195
mirzapur_civic_1971,mirzapur_civic_1971.pdf,Uttar Pradesh,Mirzapur,1971,format_001,27,28,mirzapur_civic_001,1,2,10,11
mirzapur_mededu_1971,mirzapur_mededu_1971.pdf,Uttar Pradesh,Mirzapur,1971,format_002,29,30,mirzapur_mededu_001,1,2,12,13
moradabad_civic_1971,moradabad_civic_1971.pdf,Uttar Pradesh,Moradabad,1971,format_001,28,29,moradabad_civic_001,1,2,10,11
moradabad_mededu_1971,moradabad_mededu_1971.pdf,Uttar Pradesh,Moradabad,1971,format_002,30,31,moradabad_mededu_001,1,2,12,13
moradabad_tehsil_1971,moradabad_tehsil_1971.pdf,Uttar Pradesh,Moradabad,1971,format_003,320,321,moradabad_tehsil_001,1,2,304,305
muzaffarnagar_civic_1971,muzaffarnagar_civic_1971.pdf,Uttar Pradesh,Muzaffarnagar,1971,format_001,22,23,muzaffarnagar_civic_001,1,2,6,7
muzaffarnagar_mededu_1971,muzaffarnagar_mededu_1971.pdf,Uttar Pradesh,Muzaffarnagar,1971,format_002,24,25,muzaffarnagar_mededu_001,1,2,8,9
muzaffarnagar_tehsil_1971,muzaffarnagar_tehsil_1971.pdf,Uttar Pradesh,Muzaffarnagar,1971,format_003,138,139,muzaffarnagar_tehsil_001,1,2,122,123
nainital_civic_1971,nainital_civic_1971.pdf,Uttar Pradesh,Nainital,1971,format_001,25,26,nainital_civic_001,1,2,6,7
nainital_mededu_1971,nainital_mededu_1971.pdf,Uttar Pradesh,Nainital,1971,format_002,27,28,nainital_mededu_001,1,2,8,9
nainital_tehsil_1971,nainital_tehsil_1971.pdf,Uttar Pradesh,Nainital,1971,format_003,213,214,nainital_tehsil_001,1,2,194,195
parthpgad_civic_1971,parthpgad_civic_1971.pdf,Uttar Pradesh,Parthpgad,1971,format_001,25,26,parthpgad_civic_001,1,2,6,7
parthpgad_mededu_1971,parthpgad_mededu_1971.pdf,Uttar Pradesh,Parthpgad,1971,format_002,25,26,parthpgad_mededu_001,1,2,6,7
parthpgad_tehsil_1971,parthpgad_tehsil_1971.pdf,Uttar Pradesh,Parthpgad,1971,format_003,237,238,parthpgad_tehsil_001,1,2,218,219
peelibhit_civic_1971,peelibhit_civic_1971.pdf,Uttar Pradesh,Peelibhit,1971,format_001,25,26,peelibhit_civic_001,1,2,6,7
peelibhit_mededu_1971,peelibhit_mededu_1971.pdf,Uttar Pradesh,Peelibhit,1971,format_002,25,26,peelibhit_mededu_001,1,2,6,7
peelibhit_tehsil_1971,peelibhit_tehsil_1971.pdf,Uttar Pradesh,Peelibhit,1971,format_003,155,156,peelibhit_tehsil_001,1,2,136,137
pithoragarh_civic_1971,pithoragarh_civic_1971.pdf,Uttar Pradesh,Pithoragarh,1971,format_001,24,25,pithoragarh_civic_001,1,2,6,7
pithoragarh_mededu_1971,pithoragarh_mededu_1971.pdf,Uttar Pradesh,Pithoragarh,1971,format_002,24,25,pithoragarh_mededu_001,1,2,6,7
pithoragarh_tehsil_1971,pithoragarh_tehsil_1971.pdf,Uttar Pradesh,Pithoragarh,1971,format_003,182,183,pithoragarh_tehsil_001,1,2,166,167
rae_bareli_civic_1971,rae_bareli_civic_1971.pdf,Uttar Pradesh,Rae Bareli,1971,format_001,25,26,rae_bareli_civic_001,1,2,6,7
rae_bareli_mededu_1971,rae_bareli_mededu_1971.pdf,Uttar Pradesh,Rae Bareli,1971,format_002,25,26,rae_bareli_mededu_001,1,2,6,7
rae_bareli_tehsil_1971,rae_bareli_tehsil_1971.pdf,Uttar Pradesh,Rae Bareli,1971,format_003,201,202,rae_bareli_tehsil_001,1,2,182,183
rampur_civic_1971,rampur_civic_1971.pdf,Uttar Pradesh,Rampur,1971,format_001,25,26,rampur_civic_001,1,2,6,7
rampur_mededu_1971,rampur_mededu_1971.pdf,Uttar Pradesh,Rampur,1971,format_002,25,26,rampur_mededu_001,1,2,6,7
rampur_tehsil_1971,rampur_tehsil_1971.pdf,Uttar Pradesh,Rampur,1971,format_003,151,152,rampur_tehsil_001,1,2,132,133
saharanpur_civic_1971,saharanpur_civic_1971.pdf,Uttar Pradesh,Saharanpur,1971,format_001,32,33,saharanpur_civic_001,1,2,10,11
saharanpur_mededu_1971,saharanpur_mededu_1971.pdf,Uttar Pradesh,Saharanpur,1971,format_002,34,35,saharanpur_mededu_001,1,2,12,13
saharanpur_tehsil_1971,saharanpur_tehsil_1971.pdf,Uttar Pradesh,Saharanpur,1971,format_003,246,247,saharanpur_tehsil_001,1,2,224,225
shahjahanpur_civic_1971,shahjahanpur_civic_1971.pdf,Uttar Pradesh,Shahjahanpur,1971,format_001,26,27,shahjahanpur_civic_001,1,2,6,7
shahjahanpur_mededu_1971,shahjahanpur_mededu_1971.pdf,Uttar Pradesh,Shahjahanpur,1971,format_002,28,29,shahjahanpur_mededu_001,1,2,8,9
shahjahanpur_tehsil_1971,shahjahanpur_tehsil_1971.pdf,Uttar Pradesh,Shahjahanpur,1971,format_003,262,263,shahjahanpur_tehsil_001,1,2,242,243
sitapur_civic_1971,sitapur_civic_1971.pdf,Uttar Pradesh,Sitapur,1971,format_001,26,27,sitapur_civic_001,1,2,6,7
sitapur_mededu_1971,sitapur_mededu_1971.pdf,Uttar Pradesh,Sitapur,1971,format_002,28,29,sitapur_mededu_001,1,2,8,9
sitapur_tehsil_1971,sitapur_tehsil_1971.pdf,Uttar Pradesh,Sitapur,1971,format_003,260,261,sitapur_tehsil_001,1,2,240,241
sultanpur_civic_1971,sultanpur_civic_1971.pdf,Uttar Pradesh,Sultanpur,1971,format_001,27,28,sultanpur_civic_001,1,2,6,7
sultanpur_mededu_1971,sultanpur_mededu_1971.pdf,Uttar Pradesh,Sultanpur,1971,format_002,27,28,sultanpur_mededu_001,1,2,6,7
sultanpur_tehsil_1971,sultanpur_tehsil_1971.pdf,Uttar Pradesh,Sultanpur,1971,format_003,271,272,sultanpur_tehsil_001,1,2,250,251
tehri_garhwal_civic_1971,tehri_garhwal_civic_1971.pdf,Uttar Pradesh,Tehri Garhwal,1971,format_001,33,34,tehri_garhwal_civic_001,1,2,10,11
tehri_garhwal_mededu_1971,tehri_garhwal_mededu_1971.pdf,Uttar Pradesh,Tehri Garhwal,1971,format_002,35,36,tehri_garhwal_mededu_001,1,2,12,13
tehri_garhwal_tehsil_1971,tehri_garhwal_tehsil_1971.pdf,Uttar Pradesh,Tehri Garhwal,1971,format_003,231,232,tehri_garhwal_tehsil_001,1,2,208,209
unnao_civic_1971,unnao_civic_1971.pdf,Uttar Pradesh,Unnao,1971,format_001,22,23,unnao_civic_001,1,2,4,5
unnao_mededu_1971,unnao_mededu_1971.pdf,Uttar Pradesh,Unnao,1971,format_002,24,25,unnao_mededu_001,1,2,6,7
unnao_tehsil_1971,unnao_tehsil_1971.pdf,Uttar Pradesh,Unnao,1971,format_003,202,203,unnao_tehsil_001,1,2,164,165
uttar_kashi_civic_1971,uttar_kashi_civic_1971.pdf,Uttar Pradesh,Uttar Kashi,1971,format_001,25,26,uttar_kashi_civic_001,1,2,6,7
uttar_kashi_mededu_1971,uttar_kashi_mededu_1971.pdf,Uttar Pradesh,Uttar Kashi,1971,format_002,25,26,uttar_kashi_mededu_001,1,2,6,7
uttar_kashi_tehsil_1971,uttar_kashi_tehsil_1971.pdf,Uttar Pradesh,Uttar Kashi,1971,format_003,103,104,uttar_kashi_tehsil_001,1,2,84,85
varanasi_civic_1971,varanasi_civic_1971.pdf,Uttar Pradesh,Varanasi,1971,format_001,31,32,varanasi_civic_001,1,2,10,11
varanasi_mededu_1971,varanasi_mededu_1971.pdf,Uttar Pradesh,Varanasi,1971,format_002,33,34,varanasi_mededu_001,1,2,12,13
